{
  "accuracy": [
    0.7987421154975891,
    0.9748427867889404,
    0.9748427867889404,
    0.9842767119407654,
    0.9874213933944702,
    0.9842767119407654,
    0.9811320900917053,
    0.9811320900917053,
    0.9779874086380005,
    0.9874213933944702,
    0.9905660152435303,
    0.9937106966972351,
    0.9968553185462952,
    0.9874213933944702,
    0.9968553185462952,
    0.9968553185462952,
    0.9842767119407654,
    0.9968553185462952,
    0.9968553185462952,
    0.9874213933944702,
    0.9937106966972351,
    0.9968553185462952,
    0.9937106966972351,
    1.0,
    0.9968553185462952,
    0.9968553185462952,
    0.9968553185462952,
    1.0,
    0.9968553185462952,
    0.9968553185462952,
    1.0,
    1.0,
    0.9968553185462952,
    1.0,
    1.0,
    1.0,
    1.0,
    1.0,
    1.0,
    1.0,
    1.0,
    1.0,
    1.0,
    1.0,
    1.0,
    1.0,
    1.0,
    1.0,
    1.0,
    1.0,
    0.9968553185462952,
    1.0,
    1.0,
    1.0,
    1.0,
    1.0,
    1.0,
    1.0,
    1.0,
    1.0,
    1.0,
    1.0,
    1.0,
    1.0,
    1.0,
    1.0,
    1.0,
    1.0,
    1.0,
    1.0,
    1.0,
    1.0,
    1.0,
    1.0,
    1.0,
    1.0,
    1.0,
    1.0,
    1.0,
    1.0,
    1.0,
    1.0,
    1.0,
    1.0,
    1.0,
    1.0,
    1.0,
    1.0,
    1.0,
    1.0,
    1.0,
    1.0,
    0.9968553185462952,
    1.0,
    0.9842767119407654,
    0.9905660152435303,
    0.9874213933944702,
    0.9937106966972351,
    0.9937106966972351,
    0.9905660152435303
  ],
  "loss": [
    0.35676419734954834,
    0.0944388136267662,
    0.08550648391246796,
    0.07285316288471222,
    0.05329100787639618,
    0.05817268043756485,
    0.05602455139160156,
    0.04867851361632347,
    0.0446011982858181,
    0.03369299694895744,
    0.028167113661766052,
    0.030342308804392815,
    0.01698111556470394,
    0.028667455539107323,
    0.012186595238745213,
    0.012357615865767002,
    0.023820126429200172,
    0.016116922721266747,
    0.008148458786308765,
    0.026982903480529785,
    0.013473975472152233,
    0.012529402039945126,
    0.01389354094862938,
    0.008746905252337456,
    0.0075218514539301395,
    0.010031348094344139,
    0.007153450511395931,
    0.0030710408464074135,
    0.005328628234565258,
    0.0048958961851894855,
    0.0034989677369594574,
    0.0012765899300575256,
    0.0031225013080984354,
    0.004092771094292402,
    0.003283753292635083,
    0.0013057920150458813,
    0.0027783119585365057,
    0.0017541495617479086,
    0.0024519870057702065,
    0.002155398251488805,
    0.0024536424316465855,
    0.001004623482003808,
    0.0010018836474046111,
    0.0011770401615649462,
    0.0019839126616716385,
    0.0027992676477879286,
    0.0005846795975230634,
    0.0025211924221366644,
    0.0020039277151226997,
    0.0013568586437031627,
    0.006992587354034185,
    0.0006048227660357952,
    0.0006313732010312378,
    0.0022086729295551777,
    0.000698936521075666,
    0.0006407342152670026,
    0.0007049684645608068,
    0.0010404774220660329,
    0.0006898122373968363,
    0.0009418395347893238,
    0.00044611087650991976,
    0.0005103363073430955,
    0.001067299977876246,
    0.000937950680963695,
    0.0011945570586249232,
    0.0005223520565778017,
    0.00056608603335917,
    0.0003541799378581345,
    0.00045600932207889855,
    0.0005395091138780117,
    0.0002842562971636653,
    0.00029129566974006593,
    0.0003348297905176878,
    0.0003654336032923311,
    0.0004207562597002834,
    0.0007780430605635047,
    0.000280325417406857,
    0.0005886417347937822,
    0.00010962941450998187,
    0.00018713811005000025,
    0.0012561240000650287,
    0.0004525926779024303,
    0.0002484307042323053,
    0.00027243493241257966,
    0.0006615158054046333,
    0.00015905122563708574,
    0.00010370084783062339,
    0.00013846438378095627,
    0.00020859121286775917,
    0.00046006645425222814,
    0.0002821174857672304,
    0.002174165565520525,
    0.018293654546141624,
    0.00017789096455089748,
    0.07015254348516464,
    0.05689607188105583,
    0.06135954335331917,
    0.013417182490229607,
    0.021461784839630127,
    0.022066855803132057
  ],
  "val_accuracy": [
    0.9375,
    0.9624999761581421,
    0.9624999761581421,
    0.949999988079071,
    0.949999988079071,
    0.925000011920929,
    0.949999988079071,
    0.9375,
    0.9375,
    0.9375,
    0.949999988079071,
    0.9375,
    0.949999988079071,
    0.949999988079071,
    0.9375,
    0.9125000238418579,
    0.9375,
    0.949999988079071,
    0.9624999761581421,
    0.949999988079071,
    0.949999988079071,
    0.949999988079071,
    0.9375,
    0.9375,
    0.9375,
    0.9375,
    0.9375,
    0.949999988079071,
    0.949999988079071,
    0.9375,
    0.9375,
    0.9375,
    0.9375,
    0.9375,
    0.9375,
    0.9375,
    0.9375,
    0.9375,
    0.9375,
    0.9375,
    0.9375,
    0.949999988079071,
    0.949999988079071,
    0.949999988079071,
    0.949999988079071,
    0.9375,
    0.9375,
    0.9375,
    0.9375,
    0.9375,
    0.9375,
    0.925000011920929,
    0.925000011920929,
    0.925000011920929,
    0.925000011920929,
    0.925000011920929,
    0.925000011920929,
    0.9375,
    0.9375,
    0.9375,
    0.9375,
    0.9375,
    0.9375,
    0.9375,
    0.9375,
    0.9375,
    0.9375,
    0.9375,
    0.9375,
    0.9375,
    0.9375,
    0.9375,
    0.9375,
    0.9375,
    0.9375,
    0.9375,
    0.9375,
    0.9375,
    0.949999988079071,
    0.949999988079071,
    0.949999988079071,
    0.9375,
    0.9375,
    0.949999988079071,
    0.949999988079071,
    0.949999988079071,
    0.9375,
    0.9375,
    0.9375,
    0.9375,
    0.9375,
    0.9375,
    0.9375,
    0.925000011920929,
    0.9375,
    0.949999988079071,
    0.9624999761581421,
    0.9624999761581421,
    0.9375,
    0.9375
  ],